{"cameraMode":{"drawMode":0,"name":"Shaded","section":"Shading Mode"},"sceneLighting":false,"audioPlay":false,"sceneViewState":{"showFog":false,"showMaterialUpdate":false,"showSkybox":false,"showFlares":false,"showImageEffects":false,"showParticleSystems":false},"in2DMode":false,"pivot":{"x":-4.842411994934082,"y":3.2541122436523439,"z":-11.242632865905762},"rotation":{"x":0.051465488970279697,"y":-0.38544797897338869,"z":0.021534934639930726,"w":0.9210415482521057},"size":12.738164901733399,"orthographic":false}