{"cameraMode":{"drawMode":0,"name":"Shaded","section":"Shading Mode"},"sceneLighting":false,"audioPlay":false,"sceneViewState":{"showFog":false,"showMaterialUpdate":false,"showSkybox":false,"showFlares":false,"showImageEffects":false,"showParticleSystems":false},"in2DMode":false,"pivot":{"x":1.399999976158142,"y":0.9044997692108154,"z":-0.029999971389770509},"rotation":{"x":0.14220622181892396,"y":-0.4205089807510376,"z":0.06691793352365494,"w":0.8935723900794983},"size":4.698361396789551,"orthographic":false}