{"cameraMode":{"drawMode":0,"name":"Shaded","section":"Shading Mode"},"sceneLighting":false,"audioPlay":false,"sceneViewState":{"showFog":false,"showMaterialUpdate":false,"showSkybox":false,"showFlares":false,"showImageEffects":false,"showParticleSystems":false},"in2DMode":false,"pivot":{"x":8.744430541992188,"y":16.894977569580079,"z":116.75067138671875},"rotation":{"x":0.06859946995973587,"y":-0.030485641211271287,"z":-0.0020953963976353409,"w":-0.9971762299537659},"size":101.16969299316406,"orthographic":false}