{"cameraMode":{"drawMode":0,"name":"Shaded","section":"Shading Mode"},"sceneLighting":false,"audioPlay":false,"sceneViewState":{"showFog":true,"showMaterialUpdate":true,"showSkybox":false,"showFlares":true,"showImageEffects":true,"showParticleSystems":true},"in2DMode":false,"pivot":{"x":0.6210274696350098,"y":5.151287078857422,"z":6.745314121246338},"rotation":{"x":-0.049103692173957828,"y":0.04758414626121521,"z":0.002339016180485487,"w":0.9976568222045898},"size":9.642632484436036,"orthographic":false}