{"cameraMode":{"drawMode":0,"name":"Shaded","section":"Shading Mode"},"sceneLighting":false,"audioPlay":false,"sceneViewState":{"showFog":false,"showMaterialUpdate":false,"showSkybox":false,"showFlares":false,"showImageEffects":false,"showParticleSystems":false},"in2DMode":false,"pivot":{"x":3.4073901176452638,"y":2.6241841316223146,"z":-4.785619735717773},"rotation":{"x":0.011946676298975945,"y":0.9726923108100891,"z":-0.05141851305961609,"w":0.2260158658027649},"size":11.2741117477417,"orthographic":false}