{"cameraMode":{"drawMode":0,"name":"Shaded","section":"Shading Mode"},"sceneLighting":true,"audioPlay":false,"sceneViewState":{"showFog":true,"showMaterialUpdate":true,"showSkybox":false,"showFlares":true,"showImageEffects":true,"showParticleSystems":true},"in2DMode":false,"pivot":{"x":1.0221253633499146,"y":3.309000015258789,"z":44.580997467041019},"rotation":{"x":0.002313407603651285,"y":0.9551188349723816,"z":-0.007471815217286348,"w":0.29611971974372866},"size":0.3295588195323944,"orthographic":false}