{"cameraMode":{"drawMode":0,"name":"Shaded","section":"Shading Mode"},"sceneLighting":false,"audioPlay":false,"sceneViewState":{"showFog":false,"showMaterialUpdate":false,"showSkybox":false,"showFlares":false,"showImageEffects":false,"showParticleSystems":false},"in2DMode":false,"pivot":{"x":4.964606285095215,"y":7.107479095458984,"z":4.959621906280518},"rotation":{"x":-0.08780040591955185,"y":0.01853041537106037,"z":-0.001632152241654694,"w":-0.9959644079208374},"size":22.0,"orthographic":false}