{"cameraMode":{"drawMode":0,"name":"Shaded","section":"Shading Mode"},"sceneLighting":false,"audioPlay":false,"sceneViewState":{"showFog":false,"showMaterialUpdate":false,"showSkybox":false,"showFlares":false,"showImageEffects":false,"showParticleSystems":false},"in2DMode":false,"pivot":{"x":-0.0308077409863472,"y":3.296774387359619,"z":1.2612719535827637},"rotation":{"x":-0.029787104576826097,"y":0.9670661091804504,"z":-0.13463272154331208,"w":-0.2139391452074051},"size":5.06802225112915,"orthographic":false}