{"cameraMode":{"drawMode":0,"name":"Shaded","section":"Shading Mode"},"sceneLighting":false,"audioPlay":false,"sceneViewState":{"showFog":false,"showMaterialUpdate":false,"showSkybox":false,"showFlares":false,"showImageEffects":false,"showParticleSystems":false},"in2DMode":false,"pivot":{"x":1.2520321607589722,"y":3.2555837631225588,"z":44.69106674194336},"rotation":{"x":0.07435201853513718,"y":0.5060510039329529,"z":-0.04384616017341614,"w":0.8581734299659729},"size":0.656806230545044,"orthographic":false}