{"cameraMode":{"drawMode":0,"name":"Shaded","section":"Shading Mode"},"sceneLighting":false,"audioPlay":false,"sceneViewState":{"showFog":false,"showMaterialUpdate":false,"showSkybox":false,"showFlares":false,"showImageEffects":false,"showParticleSystems":false},"in2DMode":false,"pivot":{"x":-0.516685962677002,"y":2.861255168914795,"z":0.8640046715736389},"rotation":{"x":-0.19489477574825288,"y":0.1095220148563385,"z":-0.021903129294514657,"w":-0.9744440317153931},"size":12.842537879943848,"orthographic":false}