{"cameraMode":{"drawMode":0,"name":"Shaded","section":"Shading Mode"},"sceneLighting":false,"audioPlay":false,"sceneViewState":{"showFog":false,"showMaterialUpdate":false,"showSkybox":false,"showFlares":false,"showImageEffects":false,"showParticleSystems":false},"in2DMode":false,"pivot":{"x":1.0440000295639039,"y":3.309000015258789,"z":44.1619987487793},"rotation":{"x":-0.13545078039169312,"y":0.02438182197511196,"z":-0.0033323673997074367,"w":-0.9904784560203552},"size":4.001038551330566,"orthographic":false}