{"cameraMode":{"drawMode":0,"name":"Shaded","section":"Shading Mode"},"sceneLighting":false,"audioPlay":false,"sceneViewState":{"showFog":false,"showMaterialUpdate":false,"showSkybox":false,"showFlares":false,"showImageEffects":false,"showParticleSystems":false},"in2DMode":false,"pivot":{"x":-0.3173847198486328,"y":3.2148499488830568,"z":4.917733192443848},"rotation":{"x":0.127549946308136,"y":0.7931910753250122,"z":-0.1780518889427185,"w":0.5682222843170166},"size":11.25624942779541,"orthographic":false}