{"cameraMode":{"drawMode":0,"name":"Shaded","section":"Shading Mode"},"sceneLighting":false,"audioPlay":false,"sceneViewState":{"showFog":false,"showMaterialUpdate":false,"showSkybox":false,"showFlares":false,"showImageEffects":false,"showParticleSystems":false},"in2DMode":false,"pivot":{"x":0.14900001883506776,"y":0.07699999213218689,"z":-1.9468187093734742},"rotation":{"x":-0.30378976464271548,"y":0.31431272625923159,"z":-0.1069214791059494,"w":-0.8930213451385498},"size":1.9585927724838257,"orthographic":false}