{"cameraMode":{"drawMode":0,"name":"Shaded","section":"Shading Mode"},"sceneLighting":false,"audioPlay":false,"sceneViewState":{"showFog":true,"showMaterialUpdate":true,"showSkybox":false,"showFlares":true,"showImageEffects":true,"showParticleSystems":true},"in2DMode":false,"pivot":{"x":1.382306694984436,"y":2.036715507507324,"z":0.09969764947891236},"rotation":{"x":0.024209769442677499,"y":0.06007900461554527,"z":0.0014602126320824028,"w":-0.9978989958763123},"size":0.37784963846206667,"orthographic":false}