{"cameraMode":{"drawMode":0,"name":"Shaded","section":"Shading Mode"},"sceneLighting":false,"audioPlay":false,"sceneViewState":{"showFog":false,"showMaterialUpdate":false,"showSkybox":false,"showFlares":false,"showImageEffects":false,"showParticleSystems":false},"in2DMode":false,"pivot":{"x":1.0440000295639039,"y":3.309000015258789,"z":44.580997467041019},"rotation":{"x":-0.017432648688554765,"y":-0.005962672643363476,"z":0.00010297714470652863,"w":-0.9998303055763245},"size":0.8286323547363281,"orthographic":false}