{"cameraMode":{"drawMode":0,"name":"Shaded","section":"Shading Mode"},"sceneLighting":true,"audioPlay":false,"sceneViewState":{"showFog":false,"showMaterialUpdate":false,"showSkybox":false,"showFlares":false,"showImageEffects":false,"showParticleSystems":false},"in2DMode":false,"pivot":{"x":-0.19833631813526154,"y":4.529658317565918,"z":-9.385069847106934},"rotation":{"x":-0.00007829524111002684,"y":-0.9985426664352417,"z":-0.05394791439175606,"w":0.0014579974813386798},"size":12.654397964477539,"orthographic":false}