{"cameraMode":{"drawMode":0,"name":"Shaded","section":"Shading Mode"},"sceneLighting":true,"audioPlay":false,"sceneViewState":{"showFog":true,"showMaterialUpdate":true,"showSkybox":false,"showFlares":true,"showImageEffects":true,"showParticleSystems":true},"in2DMode":false,"pivot":{"x":0.1727416217327118,"y":4.030940055847168,"z":-16.41302490234375},"rotation":{"x":-0.000004010804786958033,"y":-0.9999945759773254,"z":-0.0029729169327765705,"w":0.0014618121786043048},"size":20.005186080932618,"orthographic":false}