{"cameraMode":{"drawMode":0,"name":"Shaded","section":"Shading Mode"},"sceneLighting":false,"audioPlay":false,"sceneViewState":{"showFog":false,"showMaterialUpdate":false,"showSkybox":false,"showFlares":false,"showImageEffects":false,"showParticleSystems":false},"in2DMode":false,"pivot":{"x":0.43690532445907595,"y":3.5054070949554445,"z":43.67436981201172},"rotation":{"x":0.11943602561950684,"y":0.26509830355644228,"z":-0.03311515599489212,"w":0.956222414970398},"size":0.35680633783340456,"orthographic":false}