{"cameraMode":{"drawMode":0,"name":"Shaded","section":"Shading Mode"},"sceneLighting":false,"audioPlay":false,"sceneViewState":{"showFog":false,"showMaterialUpdate":false,"showSkybox":false,"showFlares":false,"showImageEffects":false,"showParticleSystems":false},"in2DMode":false,"pivot":{"x":1.782041072845459,"y":5.207542419433594,"z":53.10676574707031},"rotation":{"x":-0.03740358352661133,"y":-0.07396082580089569,"z":0.0027763203252106907,"w":-0.9965556263923645},"size":12.137933731079102,"orthographic":false}