{"cameraMode":{"drawMode":0,"name":"Shaded","section":"Shading Mode"},"sceneLighting":false,"audioPlay":false,"sceneViewState":{"showFog":false,"showMaterialUpdate":false,"showSkybox":false,"showFlares":false,"showImageEffects":false,"showParticleSystems":false},"in2DMode":false,"pivot":{"x":-0.004182338714599609,"y":2.359982490539551,"z":-0.08091539144515991},"rotation":{"x":0.11963474750518799,"y":0.38591283559799197,"z":-0.05055200308561325,"w":0.9133473038673401},"size":8.56747817993164,"orthographic":false}