{"cameraMode":{"drawMode":0,"name":"Shaded","section":"Shading Mode"},"sceneLighting":false,"audioPlay":false,"sceneViewState":{"showFog":false,"showMaterialUpdate":false,"showSkybox":false,"showFlares":false,"showImageEffects":false,"showParticleSystems":false},"in2DMode":false,"pivot":{"x":7.9243950843811039,"y":16.31254768371582,"z":-8.283318519592286},"rotation":{"x":-0.12082984298467636,"y":0.10673122853040695,"z":-0.013068106956779957,"w":-0.9868322610855103},"size":9.264189720153809,"orthographic":false}