{"cameraMode":{"drawMode":0,"name":"Shaded","section":"Shading Mode"},"sceneLighting":false,"audioPlay":false,"sceneViewState":{"showFog":true,"showMaterialUpdate":false,"showSkybox":false,"showFlares":true,"showImageEffects":true,"showParticleSystems":true},"in2DMode":false,"pivot":{"x":2.456547260284424,"y":1.082961082458496,"z":-4.59537935256958},"rotation":{"x":-0.011949772946536541,"y":-0.9826372265815735,"z":0.06821611523628235,"w":-0.1721276193857193},"size":12.115859985351563,"orthographic":false}