{"cameraMode":{"drawMode":0,"name":"Shaded","section":"Shading Mode"},"sceneLighting":false,"audioPlay":false,"sceneViewState":{"showFog":true,"showMaterialUpdate":false,"showSkybox":false,"showFlares":true,"showImageEffects":true,"showParticleSystems":true},"in2DMode":false,"pivot":{"x":-1.0223374366760255,"y":2.5639195442199709,"z":39.47418975830078},"rotation":{"x":0.09404850006103516,"y":0.20748955011367799,"z":-0.0200450848788023,"w":0.9734994769096375},"size":22.0,"orthographic":false}