{"cameraMode":{"drawMode":0,"name":"Shaded","section":"Shading Mode"},"sceneLighting":true,"audioPlay":false,"sceneViewState":{"showFog":false,"showMaterialUpdate":false,"showSkybox":false,"showFlares":false,"showImageEffects":false,"showParticleSystems":false},"in2DMode":false,"pivot":{"x":-23.15125846862793,"y":9.514376640319825,"z":-4.4556169509887699},"rotation":{"x":-0.0912480428814888,"y":-0.4198060929775238,"z":0.04246645048260689,"w":-0.9020162224769592},"size":0.802039623260498,"orthographic":false}